{
  "train_loss": [
    0.24371620951724776,
    0.05807770648276183,
    0.03993567953090758,
    0.030174128056914884,
    0.023677643160395292
  ],
  "val_acc": [
    0.9805,
    0.9869,
    0.9885,
    0.989,
    0.9909
  ]
}