{
  "train_loss": [
    0.08879733992132868,
    0.013085134168550658,
    0.008373893139675867,
    0.006461467917029088,
    0.005452811106806621
  ],
  "val_acc": [
    0.977,
    0.9848,
    0.9833,
    0.9893,
    0.9865
  ]
}