{
  "loss": [
    160.25257421302388,
    116.22614068720641,
    111.02317418015079,
    108.54903735585813,
    107.04816196010565,
    105.99831530280204,
    105.19636163121856,
    104.52273100830598,
    103.946044254913,
    103.49773724196054,
    103.00051297511119,
    102.66225787978182,
    102.25629138743192,
    101.95434410892315,
    101.69300718653177,
    101.47170843193526,
    101.20724259561567,
    101.05861873667378,
    100.85777354291253,
    100.70641406614389
  ],
  "recon": [
    138.88686956474777,
    92.29323197224501,
    86.96971753411202,
    84.5223463664431,
    82.99749861597252,
    81.90817099695266,
    81.11368097171092,
    80.38626562252736,
    79.86125962312288,
    79.36772881286231,
    78.89457658714831,
    78.54079591795833,
    78.15586532560239,
    77.87487701871503,
    77.6032713867708,
    77.38842361873147,
    77.14318092850479,
    76.98962605685821,
    76.78462071205253,
    76.6415835707935
  ],
  "kl": [
    21.365704864617,
    23.932908771897175,
    24.053456662306147,
    24.02669109921974,
    24.050663356333654,
    24.090144407520416,
    24.08268063917343,
    24.136465300374955,
    24.084784562653823,
    24.13000853890295,
    24.105936265957634,
    24.1214617666151,
    24.100426204168976,
    24.07946721221338,
    24.089735986835667,
    24.08328469119855,
    24.064061585774045,
    24.068992675748714,
    24.07315280645895,
    24.064830462815664
  ],
  "val_loss": [
    119.67157542554638,
    111.93919874746588,
    108.3890602980988,
    107.01066666615161,
    105.62261972548086,
    104.73682538768914,
    104.16884497147572,
    103.56699651404273,
    103.16740571999851,
    102.6367477223843,
    102.1432875621168,
    102.0211046436165,
    101.55289710322513,
    101.30797509302067,
    100.99466106559657,
    100.95482876934582,
    100.61168100864073,
    100.35030509852156,
    100.40083815176276,
    100.24446724034563
  ]
}